#Organism Name;Organism Groups;Strain;BioSample;BioProject;Assembly;Level;Size(Mb);GC%;Replicons;WGS;Scaffolds;CDS;Release Date;GenBank FTP;RefSeq FTP;Taxonomia;
Amyelois transitella;"Eukaryota;Animals;Insects";UIUC subculture of SPIRL-1966;SAMN03009087;PRJNA292025;GCA_001186105.1;Scaffold;406.468;37.6;;LACK01;7301;18472;2015-07-21T00:00:00Z;;ftp://ftp.ncbi.nlm.nih.gov/genomes/all/GCF/001/186/105/GCF_001186105.1_ASM118610v1;"Glossata; Neolepidoptera; Heteroneura; Ditrysia; Obtectomera; Pyraloidea; Pyralidae; Phycitinae; Amyelois";mariposa
Arctia plantaginis;"Eukaryota;Animals;Insects";;SAMEA6520866;PRJEB36595;GCA_902825455.1;Scaffold;577.993;36.6;;CADEBD01;1050;18801;2020-04-10T00:00:00Z;ftp://ftp.ncbi.nlm.nih.gov/genomes/all/GCA/902/825/455/GCA_902825455.1_iArcPla.TrioY.curated.20190705;;"Glossata; Neolepidoptera; Heteroneura; Ditrysia; Obtectomera; Noctuoidea; Erebidae; Arctiinae; Arctiini; Arctia";mariposa
Aricia agestis;"Eukaryota;Animals;Insects";;SAMEA7523300;PRJEB41901;GCA_905147365.1; Chromosome;435.265;368.665;"chromosome 1:NC_056406.1/LR990257.1; chromosome 2:NC_056407.1/LR990258.1; chromosome 3:NC_056408.1/LR990259.1; chromosome 4:NC_056409.1/LR990260.1; chromosome 5:NC_056410.1/LR990261.1; chromosome 6:NC_056411.1/LR990262.1; chromosome 7:NC_056412.1/LR990263.1; chromosome 8:NC_056413.1/LR990264.1; chromosome 9:NC_056414.1/LR990265.1; chromosome 10:NC_056415.1/LR990266.1; chromosome 11:NC_056416.1/LR990267.1; chromosome 12:NC_056417.1/LR990268.1; chromosome 13:NC_056418.1/LR990269.1; chromosome 14:NC_056419.1/LR990270.1; chromosome 15:NC_056420.1/LR990271.1; chromosome 16:NC_056421.1/LR990272.1; chromosome 17:NC_056422.1/LR990273.1; chromosome 18:NC_056423.1/LR990274.1; chromosome 19:NC_056424.1/LR990275.1; chromosome 20:NC_056425.1/LR990276.1; chromosome 21:NC_056426.1/LR990277.1; chromosome 22:NC_056427.1/LR990278.1; chromosome Z:NC_056428.1/LR990256.1; mitochondrion MT:LR990279.1";CAJHVJ01;25;21296;2021-01-25T00:00:00Z;ftp://ftp.ncbi.nlm.nih.gov/genomes/all/GCA/905/147/365/GCA_905147365.1_ilAriAges1.1;ftp://ftp.ncbi.nlm.nih.gov/genomes/all/GCF/905/147/365/GCF_905147365.1_ilAriAges1.1;"Glossata; Neolepidoptera; Heteroneura; Ditrysia; Obtectomera; Papilionoidea; Lycaenidae; Polyommatinae; Aricia";Borboleta
Bombyx mandarina;"Eukaryota;Animals;Insects";Bman2017;SAMN08782053;PRJNA522300;GCA_003987935.1;Scaffold;398.589;373.992;mitochondrion MT:NC_003395.1/;PYSK01;3105;19224;2018-12-31T00:00:00Z;;ftp://ftp.ncbi.nlm.nih.gov/genomes/all/GCF/003/987/935/GCF_003987935.1_ASM398793v1;"Glossata; Neolepidoptera; Heteroneura; Ditrysia; Obtectomera; Bombycoidea; Bombycidae; Bombycinae; Bombyx";mariposa
Bombyx mori;"Eukaryota;Animals;Insects";p50T;SAMD00054089;PRJDB4947;GCA_014905235.2; Chromosome;460.35;385.538;"chromosome 1:NC_051358.1/BHWX01000001.1; chromosome 2:NC_051359.1/BHWX01000002.1; chromosome 3:NC_051360.1/BHWX01000003.1; chromosome 4:NC_051361.1/BHWX01000004.1; chromosome 5:NC_051362.1/BHWX01000005.1; chromosome 6:NC_051363.1/BHWX01000006.1; chromosome 7:NC_051364.1/BHWX01000007.1; chromosome 8:NC_051365.1/BHWX01000008.1; chromosome 9:NC_051366.1/BHWX01000009.1; chromosome 10:NC_051367.1/BHWX01000010.1; chromosome 11:NC_051368.1/BHWX01000011.1; chromosome 12:NC_051369.1/BHWX01000012.1; chromosome 13:NC_051370.1/BHWX01000013.1; chromosome 14:NC_051371.1/BHWX01000014.1; chromosome 15:NC_051372.1/BHWX01000015.1; chromosome 16:NC_051373.1/BHWX01000016.1; chromosome 17:NC_051374.1/BHWX01000017.1; chromosome 18:NC_051375.1/BHWX01000018.1; chromosome 19:NC_051376.1/BHWX01000019.1; chromosome 20:NC_051377.1/BHWX01000020.1; chromosome 21:NC_051378.1/BHWX01000021.1; chromosome 22:NC_051379.1/BHWX01000022.1; chromosome 23:NC_051380.1/BHWX01000023.1; chromosome 24:NC_051381.1/BHWX01000024.1; chromosome 25:NC_051382.1/BHWX01000025.1; chromosome 26:NC_051383.1/BHWX01000026.1; chromosome 27:NC_051384.1/BHWX01000027.1; chromosome 28:NC_051385.1/BHWX01000028.1; mitochondrion MT:NC_002355.1/";BHWX01;697;27309;2020-10-13T21:24:00Z;ftp://ftp.ncbi.nlm.nih.gov/genomes/all/GCA/014/905/235/GCA_014905235.2_Bmori_2016v1.0;ftp://ftp.ncbi.nlm.nih.gov/genomes/all/GCF/014/905/235/GCF_014905235.1_Bmori_2016v1.0;"Glossata; Neolepidoptera; Heteroneura; Ditrysia; Obtectomera; Bombycoidea; Bombycidae; Bombycinae; Bombyx";mariposa
Brenthis ino;"Eukaryota;Animals;Insects";;SAMEA11370966;PRJEB49202;GCA_921882275.1; Chromosome;411.873;322.996;"chromosome 1:OV170221.1; chromosome 2:OV170222.1; chromosome 3:OV170223.1; chromosome 4:OV170224.1; chromosome 5:OV170225.1; chromosome 6:OV170226.1; chromosome 7:OV170227.1; chromosome 8:OV170228.1; chromosome 9:OV170229.1; chromosome 10:OV170230.1; chromosome 11:OV170231.1; chromosome 12:OV170232.1; chromosome 13:OV170233.1; chromosome 14:OV170234.1";CAKLHF01;36;19333;2021-12-18T00:00:00Z;ftp://ftp.ncbi.nlm.nih.gov/genomes/all/GCA/921/882/275/GCA_921882275.1_SP_BI_364.v2_0;;"Glossata; Neolepidoptera; Heteroneura; Ditrysia; Obtectomera; Papilionoidea; Nymphalidae; Heliconiinae; Argynnini; Brenthis";borboleta
Chilo suppressalis;"Eukaryota;Animals;Insects";;SAMEA6714139;PRJEB37827;GCA_902850365.2; Chromosome;783.447;370.165;"chromosome 1:OU963894.1; chromosome 2:OU963895.1; chromosome 3:OU963896.1; chromosome 4:OU963897.1; chromosome 5:OU963898.1; chromosome 6:OU963899.1; chromosome 7:OU963900.1; chromosome 8:OU963901.1; chromosome 9:OU963902.1; chromosome 10:OU963903.1; chromosome 11:OU963904.1; chromosome 12:OU963905.1; chromosome 13:OU963906.1; chromosome 14:OU963907.1; chromosome 15:OU963908.1; chromosome 16:OU963909.1; chromosome 17:OU963910.1; chromosome 18:OU963911.1; chromosome 19:OU963912.1; chromosome 20:OU963913.1; chromosome 21:OU963914.1; chromosome 22:OU963915.1; chromosome 23:OU963916.1; chromosome 24:OU963917.1; chromosome 25:OU963918.1; chromosome 26:OU963919.1; chromosome 27:OU963920.1; chromosome 28:OU963921.1; chromosome 29:OU963922.1; chromosome 30:OU963923.1";CADHSE02;32;12906;2022-06-14T00:00:00Z;ftp://ftp.ncbi.nlm.nih.gov/genomes/all/GCA/902/850/365/GCA_902850365.2_PGI_CHILSU_V6;;"Glossata; Neolepidoptera; Heteroneura; Ditrysia; Obtectomera; Pyraloidea; Crambidae; Crambinae; Chilo";mariposa
Colias croceus;"Eukaryota;Animals;Insects";;SAMEA7523360;PRJNA792511;GCA_905220415.1; Chromosome;324.897;335.957;"chromosome 1:NC_059537.1/HG991959.1; chromosome 2:NC_059538.1/HG991960.1; chromosome 3:NC_059539.1/HG991961.1; chromosome 4:NC_059540.1/HG991962.1; chromosome 5:NC_059541.1/HG991963.1; chromosome 6:NC_059542.1/HG991964.1; chromosome 7:NC_059543.1/HG991965.1; chromosome 8:NC_059544.1/HG991966.1; chromosome 9:NC_059545.1/HG991967.1; chromosome 10:NC_059546.1/HG991968.1; chromosome 11:NC_059547.1/HG991969.1; chromosome 12:NC_059548.1/HG991970.1; chromosome 13:NC_059549.1/HG991971.1; chromosome 14:NC_059550.1/HG991972.1; chromosome 15:NC_059551.1/HG991973.1; chromosome 16:NC_059552.1/HG991974.1; chromosome 17:NC_059553.1/HG991975.1; chromosome 18:NC_059554.1/HG991976.1; chromosome 19:NC_059555.1/HG991977.1; chromosome 20:NC_059556.1/HG991978.1; chromosome 21:NC_059557.1/HG991979.1; chromosome 22:NC_059558.1/HG991980.1; chromosome 23:NC_059559.1/HG991981.1; chromosome 24:NC_059560.1/HG991982.1; chromosome 25:NC_059561.1/HG991983.1; chromosome 26:NC_059562.1/HG991984.1; chromosome 27:NC_059563.1/HG991985.1; chromosome 28:NC_059564.1/HG991986.1; chromosome 29:NC_059565.1/HG991987.1; chromosome 30:NC_059566.1/HG991988.1; chromosome W:NC_059567.1/HG991989.1; chromosome Z:NC_059568.1/HG991958.1; mitochondrion MT:HG991990.1";;32;20988;2021-02-14T00:00:00Z;ftp://ftp.ncbi.nlm.nih.gov/genomes/all/GCA/905/220/415/GCA_905220415.1_ilColCroc2.1;ftp://ftp.ncbi.nlm.nih.gov/genomes/all/GCF/905/220/415/GCF_905220415.1_ilColCroc2.1;"Glossata; Neolepidoptera; Heteroneura; Ditrysia; Obtectomera; Papilionoidea; Pieridae; Coliadinae; Colias";borboleta
Danaus chrysippus;"Eukaryota;Animals;Insects";;SAMEA9973796;PRJEB47812;GCA_916720795.1;Contig;354.02;30.9;;CAKASE01;83;19635;2021-10-19T00:00:00Z;ftp://ftp.ncbi.nlm.nih.gov/genomes/all/GCA/916/720/795/GCA_916720795.1_Dchry2.2;;"Glossata; Neolepidoptera; Heteroneura; Ditrysia; Obtectomera; Papilionoidea; Nymphalidae; Danainae; Danaini; Danaina; Danaus; Anosia";borboleta
Danaus plexippus plexippus;"Eukaryota;Animals;Insects";F-2;SAMN01758044;PRJNA607945;GCA_009731565.1; Chromosome;248.676;321.016;"chromosome 2:NC_045808.1/CM019184.1; chromosome 3:NC_045809.1/CM019185.1; chromosome 4:NC_045810.1/CM019186.1; chromosome 5:NC_045811.1/CM019187.1; chromosome 6:NC_045812.1/CM019188.1; chromosome 7:NC_045813.1/CM019189.1; chromosome 8:NC_045814.1/CM019190.1; chromosome 9:NC_045815.1/CM019191.1; chromosome 10:NC_045816.1/CM019192.1; chromosome 11:NC_045817.1/CM019193.1; chromosome 12:NC_045818.1/CM019194.1; chromosome 13:NC_045819.1/CM019195.1; chromosome 14:NC_045820.1/CM019196.1; chromosome 15:NC_045821.1/CM019197.1; chromosome 16:NC_045822.1/CM019198.1; chromosome 17:NC_045823.1/CM019199.1; chromosome 18:NC_045824.1/CM019200.1; chromosome 19:NC_045825.1/CM019201.1; chromosome 20:NC_045826.1/CM019202.1; chromosome 21:NC_045827.1/CM019203.1; chromosome 22:NC_045828.1/CM019204.1; chromosome 23:NC_045829.1/CM019205.1; chromosome 24:NC_045830.1/CM019206.1; chromosome 25:NC_045831.1/CM019207.1; chromosome 26:NC_045832.1/CM019208.1; chromosome 27:NC_045833.1/CM019209.1; chromosome 28:NC_045834.1/CM019210.1; chromosome 29:NC_045835.1/CM019211.1; chromosome Z:NC_045836.1/CM019213.1; chromosome 30:NC_045837.1/CM019212.1";DUEA01;4115;19762;2019-12-05T00:00:00Z;;ftp://ftp.ncbi.nlm.nih.gov/genomes/all/GCF/009/731/565/GCF_009731565.1_Dplex_v4;"Glossata; Neolepidoptera; Heteroneura; Ditrysia; Obtectomera; Papilionoidea; Nymphalidae; Danainae; Danaini; Danaina; Danaus; Danaus; Danaus plexippus";borboleta
Diatraea saccharalis;"Eukaryota;Animals;Insects";;SAMEA10332734;PRJEB47899;GCA_918026875.4; Chromosome;507.694;337.431;"chromosome 1:OU893332.1; chromosome 2:OU893333.1; chromosome 3:OU893334.1; chromosome 4:OU893335.1; chromosome 5:OU893336.1; chromosome 6:OU893337.1; chromosome 7:OU893338.1; chromosome 8:OU893339.1; chromosome 9:OU893340.1; chromosome 10:OU893341.1; chromosome 11:OU893342.1; chromosome 12:OU893343.1; chromosome 13:OU893344.1; chromosome 14:OU893345.1; chromosome 15:OU893346.1; chromosome 16:OU893347.1; chromosome 17:OU893348.1; chromosome 18:OU893349.1; chromosome 19:OU893350.1; chromosome 20:OU893351.1; chromosome 21:OU893352.1; chromosome 22:OU893353.1; chromosome 23:OU893354.1";CAKJVI04;25;16172;2022-06-14T00:00:00Z;ftp://ftp.ncbi.nlm.nih.gov/genomes/all/GCA/918/026/875/GCA_918026875.4_PGI_DIATSA_v4;;"Glossata; Neolepidoptera; Heteroneura; Ditrysia; Obtectomera; Pyraloidea; Crambidae; Crambinae; Diatraea";mariposa
Euphydryas editha;"Eukaryota;Animals;Insects";;SAMEA13325337;PRJEB51552;GCA_933666425.1;Scaffold;607.788;34;;CAKOGL01;142;26018;2022-05-31T00:00:00Z;ftp://ftp.ncbi.nlm.nih.gov/genomes/all/GCA/933/666/425/GCA_933666425.1_Euphydryas_editha;;"Glossata; Neolepidoptera; Heteroneura; Ditrysia; Obtectomera; Papilionoidea; Nymphalidae; Nymphalinae; Melitaeini; Euphydryina; Euphydryas";borboleta
Helicoverpa armigera;"Eukaryota;Animals;Insects";SCD;SAMN14539870;PRJNA859146;GCA_023701775.1; Chromosome;356.686;365.339;"chromosome 1:NC_064776.1/CM043080.1; chromosome 2:NC_064777.1/CM043081.1; chromosome 3:NC_064778.1/CM043082.1; chromosome 4:NC_064779.1/CM043083.1; chromosome 5:NC_064780.1/CM043084.1; chromosome 6:NC_064781.1/CM043085.1; chromosome 7:NC_064782.1/CM043086.1; chromosome 8:NC_064783.1/CM043087.1; chromosome 9:NC_064784.1/CM043088.1; chromosome 10:NC_064785.1/CM043089.1; chromosome 11:NC_064786.1/CM043090.1; chromosome 12:NC_064787.1/CM043091.1; chromosome 13:NC_064788.1/CM043092.1; chromosome 14:NC_064789.1/CM043093.1; chromosome 15:NC_064790.1/CM043094.1; chromosome 16:NC_064791.1/CM043095.1; chromosome 17:NC_064792.1/CM043096.1; chromosome 18:NC_064793.1/CM043097.1; chromosome 19:NC_064794.1/CM043098.1; chromosome 20:NC_064795.1/CM043099.1; chromosome 21:NC_064796.1/CM043100.1; chromosome 22:NC_064797.1/CM043101.1; chromosome 23:NC_064798.1/CM043102.1; chromosome 24:NC_064799.1/CM043103.1; chromosome 25:NC_064800.1/CM043104.1; chromosome 26:NC_064801.1/CM043105.1; chromosome 27:NC_064802.1/CM043106.1; chromosome 28:NC_064803.1/CM043107.1; chromosome 29:NC_064804.1/CM043108.1; chromosome 30:NC_064805.1/CM043109.1; chromosome 31:NC_064806.1/CM043110.1; mitochondrion MT:NC_014668.1/";JAHDYT01;42;28010;2022-06-10T00:00:00Z;ftp://ftp.ncbi.nlm.nih.gov/genomes/all/GCA/023/701/775/GCA_023701775.1_HaSCD2;ftp://ftp.ncbi.nlm.nih.gov/genomes/all/GCF/023/701/775/GCF_023701775.1_HaSCD2;"Glossata; Neolepidoptera; Heteroneura; Ditrysia; Obtectomera; Noctuoidea; Noctuidae; Heliothinae; Helicoverpa";mariposa
Helicoverpa zea;"Eukaryota;Animals;Insects";HzStark_Cry1AcR;SAMN25818888;PRJNA818699;GCA_022581195.1; Chromosome;375.181;368.486;"chromosome 1:NC_061452.1/CM040203.1; chromosome 2:NC_061453.1/CM040204.1; chromosome 3:NC_061454.1/CM040205.1; chromosome 4:NC_061455.1/CM040206.1; chromosome 5:NC_061456.1/CM040207.1; chromosome 6:NC_061457.1/CM040208.1; chromosome 7:NC_061458.1/CM040209.1; chromosome 8:NC_061459.1/CM040210.1; chromosome 9:NC_061460.1/CM040211.1; chromosome 10:NC_061461.1/CM040212.1; chromosome 11:NC_061462.1/CM040213.1; chromosome 12:NC_061463.1/CM040214.1; chromosome 13:NC_061464.1/CM040215.1; chromosome 14:NC_061465.1/CM040216.1; chromosome 15:NC_061466.1/CM040217.1; chromosome 16:NC_061467.1/CM040218.1; chromosome 17:NC_061468.1/CM040219.1; chromosome 18:NC_061469.1/CM040220.1; chromosome 19:NC_061470.1/CM040221.1; chromosome 20:NC_061471.1/CM040222.1; chromosome 21:NC_061472.1/CM040223.1; chromosome 22:NC_061473.1/CM040224.1; chromosome 23:NC_061474.1/CM040225.1; chromosome 24:NC_061475.1/CM040226.1; chromosome 25:NC_061476.1/CM040227.1; chromosome 26:NC_061477.1/CM040228.1; chromosome 27:NC_061478.1/CM040229.1; chromosome 28:NC_061479.1/CM040230.1; chromosome 29:NC_061480.1/CM040231.1; chromosome 30:NC_061481.1/CM040232.1; chromosome 31:NC_061482.1/CM040233.1; mitochondrion MT:NC_061507.1/OM990843.1";JAKYJW01;43;23696;2022-03-11T00:00:00Z;ftp://ftp.ncbi.nlm.nih.gov/genomes/all/GCA/022/581/195/GCA_022581195.1_ilHelZeax1.1;ftp://ftp.ncbi.nlm.nih.gov/genomes/all/GCF/022/581/195/GCF_022581195.2_ilHelZeax1.1;"Glossata; Neolepidoptera; Heteroneura; Ditrysia; Obtectomera; Noctuoidea; Noctuidae; Heliothinae; Helicoverpa";mariposa
Hyposmocoma kahamanoa;"Eukaryota;Animals;Insects";Upper Pololo Valley;SAMN09932754;PRJNA493257;GCA_003589595.1;Scaffold;731.441;37.9;;QZCQ01;2929;20437;2018-09-21T00:00:00Z;;ftp://ftp.ncbi.nlm.nih.gov/genomes/all/GCF/003/589/595/GCF_003589595.1_ASM358959v1;"Glossata; Neolepidoptera; Heteroneura; Ditrysia; Gelechioidea; Cosmopterigidae; Cosmopteriginae; Hyposmocoma";mariposa
Iphiclides podalirius;"Eukaryota;Animals;Insects";;SAMEA13256503;PRJEB51340;GCA_933534255.1; Chromosome;430.73;365.736;"chromosome 1:OW152813.1; chromosome 2:OW152814.1; chromosome 3:OW152815.1; chromosome 4:OW152816.1; chromosome 5:OW152817.1; chromosome 6:OW152818.1; chromosome 7:OW152819.1; chromosome 8:OW152820.1; chromosome 9:OW152821.1; chromosome 10:OW152822.1; chromosome 11:OW152823.1; chromosome 12:OW152824.1; chromosome 13:OW152825.1; chromosome 14:OW152826.1; chromosome 15:OW152827.1; chromosome 16:OW152828.1; chromosome 17:OW152829.1; chromosome 18:OW152830.1; chromosome 19:OW152831.1; chromosome 20:OW152832.1; chromosome 21:OW152833.1; chromosome 22:OW152834.1; chromosome 23:OW152835.1; chromosome 24:OW152836.1; chromosome 25:OW152837.1; chromosome 26:OW152838.1; chromosome 27:OW152839.1; chromosome 28:OW152840.1; chromosome 29:OW152841.1; chromosome 30:OW152842.1";CAKOGK01;260;20212;2022-03-29T00:00:00Z;ftp://ftp.ncbi.nlm.nih.gov/genomes/all/GCA/933/534/255/GCA_933534255.1_IP_504.v2_0;;"Glossata; Neolepidoptera; Heteroneura; Ditrysia; Obtectomera; Papilionoidea; Papilionidae; Papilioninae; Leptocircini; Iphiclides";borboleta
Leguminivora glycinivorella;"Eukaryota;Animals;Insects";SPB_JAAS2020;SAMN21160035;PRJNA835455;GCA_023078275.1; Chromosome;657.424;37.837;"chromosome 1:NC_062971.1/CM041121.1; chromosome 2:NC_062972.1/CM041122.1; chromosome 3:NC_062973.1/CM041123.1; chromosome 4:NC_062974.1/CM041124.1; chromosome 5:NC_062975.1/CM041125.1; chromosome 6:NC_062976.1/CM041126.1; chromosome 7:NC_062977.1/CM041127.1; chromosome 8:NC_062978.1/CM041128.1; chromosome 9:NC_062979.1/CM041129.1; chromosome 10:NC_062980.1/CM041130.1; chromosome 11:NC_062981.1/CM041131.1; chromosome 12:NC_062982.1/CM041132.1; chromosome 13:NC_062983.1/CM041133.1; chromosome 14:NC_062984.1/CM041134.1; chromosome 15:NC_062985.1/CM041135.1; chromosome 16:NC_062986.1/CM041136.1; chromosome 17:NC_062987.1/CM041137.1; chromosome 18:NC_062988.1/CM041138.1; chromosome 19:NC_062989.1/CM041139.1; chromosome 20:NC_062990.1/CM041140.1; chromosome 21:NC_062991.1/CM041141.1; chromosome 22:NC_062992.1/CM041142.1; chromosome 23:NC_062993.1/CM041143.1; chromosome 24:NC_062994.1/CM041144.1; chromosome 25:NC_062995.1/CM041145.1; chromosome 26:NC_062996.1/CM041146.1; chromosome 27:NC_062997.1/CM041147.1; chromosome Z:NC_062998.1/CM041148.1";JAKXMO01;40;23735;2022-04-20T00:00:00Z;ftp://ftp.ncbi.nlm.nih.gov/genomes/all/GCA/023/078/275/GCA_023078275.1_LegGlyc_1.1;ftp://ftp.ncbi.nlm.nih.gov/genomes/all/GCF/023/078/275/GCF_023078275.1_LegGlyc_1.1;"Glossata; Neolepidoptera; Heteroneura; Ditrysia; Apoditrysia; Tortricoidea; Tortricidae; Olethreutinae; Grapholitini; Leguminivora";mariposa
Leptidea sinapis;"Eukaryota;Animals;Insects";;SAMEA7523467;PRJEB43998;GCA_905404315.1; Chromosome;685.583;357.309;"chromosome 1:NC_066265.1/FR990154.1; chromosome 2:NC_066266.1/FR990155.1; chromosome 3:NC_066267.1/FR990156.1; chromosome 4:NC_066268.1/FR990157.1; chromosome 5:NC_066269.1/FR990158.1; chromosome 6:NC_066270.1/FR990159.1; chromosome 7:NC_066271.1/FR990160.1; chromosome 8:NC_066272.1/FR990161.1; chromosome 9:NC_066273.1/FR990162.1; chromosome 10:NC_066274.1/FR990163.1; chromosome 11:NC_066275.1/FR990164.1; chromosome 12:NC_066276.1/FR990165.1; chromosome 13:NC_066277.1/FR990166.1; chromosome 14:NC_066278.1/FR990167.1; chromosome 15:NC_066279.1/FR990168.1; chromosome 16:NC_066280.1/FR990169.1; chromosome 17:NC_066281.1/FR990170.1; chromosome 18:NC_066282.1/FR990171.1; chromosome 19:NC_066283.1/FR990172.1; chromosome 20:NC_066284.1/FR990173.1; chromosome 21:NC_066285.1/FR990174.1; chromosome 22:NC_066286.1/FR990175.1; chromosome 23:NC_066287.1/FR990176.1; chromosome 24:NC_066288.1/FR990177.1; chromosome 25:NC_066289.1/FR990178.1; chromosome 26:NC_066290.1/FR990179.1; chromosome 27:NC_066291.1/FR990180.1; chromosome 28:NC_066292.1/FR990181.1; chromosome 29:NC_066293.1/FR990182.1; chromosome 30:NC_066294.1/FR990183.1; chromosome 31:NC_066295.1/FR990184.1; chromosome 32:NC_066296.1/FR990185.1; chromosome 33:NC_066297.1/FR990186.1; chromosome 34:NC_066298.1/FR990187.1; chromosome 35:NC_066299.1/FR990188.1; chromosome 36:NC_066300.1/FR990189.1; chromosome 37:NC_066301.1/FR990190.1; chromosome 38:NC_066302.1/FR990191.1; chromosome 39:NC_066303.1/FR990192.1; chromosome 40:NC_066304.1/FR990193.1; chromosome 41:NC_066305.1/FR990194.1; chromosome 42:NC_066306.1/FR990195.1; chromosome 43:NC_066307.1/FR990196.1; chromosome 44:NC_066308.1/FR990197.1; chromosome 45:NC_066309.1/FR990198.1; chromosome 46:NC_066310.1/FR990199.1; chromosome 47:NC_066311.1/FR990200.1; chromosome Z:NC_066312.1/FR990153.1; mitochondrion MT:FR990201.1";CAJQFP01;49;22285;2021-03-31T00:00:00Z;ftp://ftp.ncbi.nlm.nih.gov/genomes/all/GCA/905/404/315/GCA_905404315.1_ilLepSina1.1;ftp://ftp.ncbi.nlm.nih.gov/genomes/all/GCF/905/404/315/GCF_905404315.1_ilLepSina1.1;"Glossata; Neolepidoptera; Heteroneura; Ditrysia; Obtectomera; Papilionoidea; Pieridae; Dismorphiinae; Leptidea";borboleta
Manduca sexta;"Eukaryota;Animals;Insects";Smith_Timp_Sample1;SAMN15881793;PRJNA674349;GCA_014839805.1; Chromosome;470.037;356.211;"chromosome 1:NC_051115.1/CM026232.1; chromosome 2:NC_051116.1/CM026233.1; chromosome 3:NC_051117.1/CM026234.1; chromosome 4:NC_051118.1/CM026235.1; chromosome 5:NC_051119.1/CM026236.1; chromosome 6:NC_051120.1/CM026237.1; chromosome 7:NC_051121.1/CM026238.1; chromosome 8:NC_051122.1/CM026239.1; chromosome 9:NC_051123.1/CM026240.1; chromosome 10:NC_051124.1/CM026241.1; chromosome 11:NC_051125.1/CM026242.1; chromosome 12:NC_051126.1/CM026243.1; chromosome 13:NC_051127.1/CM026244.1; chromosome 14:NC_051128.1/CM026245.1; chromosome 15:NC_051129.1/CM026246.1; chromosome 16:NC_051130.1/CM026247.1; chromosome 17:NC_051131.1/CM026248.1; chromosome 18:NC_051132.1/CM026249.1; chromosome 19:NC_051133.1/CM026250.1; chromosome 20:NC_051134.1/CM026251.1; chromosome 21:NC_051135.1/CM026252.1; chromosome 22:NC_051136.1/CM026253.1; chromosome 23:NC_051137.1/CM026254.1; chromosome 24:NC_051138.1/CM026255.1; chromosome 25:NC_051139.1/CM026256.1; chromosome 26:NC_051140.1/CM026257.1; chromosome 27:NC_051141.1/CM026258.1; chromosome 28:NC_051142.1/CM026259.1; mitochondrion MT:NC_010266.1/";JACVES01;4057;24854;2020-09-30T00:00:00Z;ftp://ftp.ncbi.nlm.nih.gov/genomes/all/GCA/014/839/805/GCA_014839805.1_JHU_Msex_v1.0;ftp://ftp.ncbi.nlm.nih.gov/genomes/all/GCF/014/839/805/GCF_014839805.1_JHU_Msex_v1.0;"Glossata; Neolepidoptera; Heteroneura; Ditrysia; Obtectomera; Bombycoidea; Sphingidae; Sphinginae; Sphingini; Manduca";mariposa
Maniola hyperantus;"Eukaryota;Animals;Insects";;SAMEA994723;PRJEB36756;GCA_902806685.1; Chromosome;408.137;378.769;"chromosome 1:NC_048536.1/LR761647.1; chromosome 2:NC_048537.1/LR761648.1; chromosome 3:NC_048538.1/LR761649.1; chromosome 4:NC_048539.1/LR761651.1; chromosome 5:NC_048540.1/LR761652.1; chromosome 6:NC_048541.1/LR761653.1; chromosome 7:NC_048542.1/LR761654.1; chromosome 8:NC_048543.1/LR761655.1; chromosome 9:NC_048544.1/LR761656.1; chromosome 10:NC_048545.1/LR761657.1; chromosome 11:NC_048546.1/LR761658.1; chromosome 12:NC_048547.1/LR761659.1; chromosome 13:NC_048548.1/LR761660.1; chromosome 14:NC_048549.1/LR761661.1; chromosome 15:NC_048550.1/LR761662.1; chromosome 16:NC_048551.1/LR761663.1; chromosome 17:NC_048552.1/LR761664.1; chromosome 18:NC_048553.1/LR761665.1; chromosome 19:NC_048554.1/LR761666.1; chromosome 20:NC_048555.1/LR761667.1; chromosome 21:NC_048556.1/LR761668.1; chromosome 22:NC_048557.1/LR761669.1; chromosome 23:NC_048558.1/LR761670.1; chromosome 24:NC_048559.1/LR761671.1; chromosome 25:NC_048560.1/LR761672.1; chromosome 26:NC_048561.1/LR761673.1; chromosome 27:NC_048562.1/LR761674.1; chromosome 28:NC_048563.1/LR761675.1; chromosome Z:NC_048564.1/LR761650.1";CADCXM01;87;17675;2020-02-16T00:00:00Z;ftp://ftp.ncbi.nlm.nih.gov/genomes/all/GCA/902/806/685/GCA_902806685.1_iAphHyp1.1;ftp://ftp.ncbi.nlm.nih.gov/genomes/all/GCF/902/806/685/GCF_902806685.1_iAphHyp1.1;"Glossata; Neolepidoptera; Heteroneura; Ditrysia; Obtectomera; Papilionoidea; Nymphalidae; Satyrinae; Satyrini; Maniolina; Maniola; Aphantopus";borboleta
Maniola jurtina;"Eukaryota;Animals;Insects";;SAMEA7523158;PRJEB43489;GCA_905333055.1; Chromosome;402.039;36.96;"chromosome 1:NC_060029.1/HG995207.1; chromosome 2:NC_060030.1/HG995209.1; chromosome 3:NC_060031.1/HG995210.1; chromosome 4:NC_060032.1/HG995211.1; chromosome 5:NC_060033.1/HG995212.1; chromosome 6:NC_060034.1/HG995213.1; chromosome 7:NC_060035.1/HG995214.1; chromosome 8:NC_060036.1/HG995215.1; chromosome 9:NC_060037.1/HG995216.1; chromosome 10:NC_060038.1/HG995217.1; chromosome 11:NC_060039.1/HG995218.1; chromosome 12:NC_060040.1/HG995219.1; chromosome 13:NC_060041.1/HG995220.1; chromosome 14:NC_060042.1/HG995221.1; chromosome 15:NC_060043.1/HG995222.1; chromosome 16:NC_060044.1/HG995223.1; chromosome 17:NC_060045.1/HG995224.1; chromosome 18:NC_060046.1/HG995225.1; chromosome 19:NC_060047.1/HG995226.1; chromosome 20:NC_060048.1/HG995227.1; chromosome 21:NC_060049.1/HG995228.1; chromosome 22:NC_060050.1/HG995229.1; chromosome 23:NC_060051.1/HG995230.1; chromosome 24:NC_060052.1/HG995231.1; chromosome 25:NC_060053.1/HG995232.1; chromosome 26:NC_060054.1/HG995233.1; chromosome 27:NC_060055.1/HG995235.1; chromosome 28:NC_060056.1/HG995236.1; chromosome W:NC_060057.1/HG995234.1; chromosome Z:NC_060058.1/HG995208.1; mitochondrion MT:HG995237.1";CAJOSP01;31;25734;2021-03-10T00:00:00Z;ftp://ftp.ncbi.nlm.nih.gov/genomes/all/GCA/905/333/055/GCA_905333055.1_ilManJurt1.1;ftp://ftp.ncbi.nlm.nih.gov/genomes/all/GCF/905/333/055/GCF_905333055.1_ilManJurt1.1;"Glossata; Neolepidoptera; Heteroneura; Ditrysia; Obtectomera; Papilionoidea; Nymphalidae; Satyrinae; Satyrini; Maniolina; Maniola; jurtina species complex";borboleta
Melitaea cinxia;"Eukaryota;Animals;Insects";;SAMEA7523475;PRJNA787967;GCA_905220565.1; Chromosome;499.398;340.887;"chromosome 1:NC_059394.1/HG992210.1; chromosome 2:NC_059395.1/HG992211.1; chromosome 3:NC_059396.1/HG992212.1; chromosome 4:NC_059397.1/HG992213.1; chromosome 5:NC_059398.1/HG992214.1; chromosome 6:NC_059399.1/HG992215.1; chromosome 7:NC_059400.1/HG992216.1; chromosome 8:NC_059401.1/HG992217.1; chromosome 9:NC_059402.1/HG992218.1; chromosome 10:NC_059403.1/HG992219.1; chromosome 11:NC_059404.1/HG992220.1; chromosome 12:NC_059405.1/HG992221.1; chromosome 13:NC_059406.1/HG992222.1; chromosome 14:NC_059407.1/HG992223.1; chromosome 15:NC_059408.1/HG992224.1; chromosome 16:NC_059409.1/HG992225.1; chromosome 17:NC_059410.1/HG992226.1; chromosome 18:NC_059411.1/HG992227.1; chromosome 19:NC_059412.1/HG992228.1; chromosome 20:NC_059413.1/HG992229.1; chromosome 21:NC_059414.1/HG992230.1; chromosome 22:NC_059415.1/HG992231.1; chromosome 23:NC_059416.1/HG992232.1; chromosome 24:NC_059417.1/HG992233.1; chromosome 25:NC_059418.1/HG992234.1; chromosome 26:NC_059419.1/HG992235.1; chromosome 27:NC_059420.1/HG992236.1; chromosome 28:NC_059421.1/HG992237.1; chromosome 29:NC_059422.1/HG992238.1; chromosome 30:NC_059423.1/HG992239.1; chromosome Z:NC_059424.1/HG992209.1; mitochondrion MT:HG992240.1";;31;14667;2021-02-14T00:00:00Z;ftp://ftp.ncbi.nlm.nih.gov/genomes/all/GCA/905/220/565/GCA_905220565.1_ilMelCinx1.1;ftp://ftp.ncbi.nlm.nih.gov/genomes/all/GCF/905/220/565/GCF_905220565.1_ilMelCinx1.1;"Glossata; Neolepidoptera; Heteroneura; Ditrysia; Obtectomera; Papilionoidea; Nymphalidae; Nymphalinae; Melitaeini; Melitaeina; Melitaea";borboleta
Nymphalis io;"Eukaryota;Animals;Insects";;SAMEA7523149;PRJEB41894;GCA_905147045.1; Chromosome;384.157;336.964;"chromosome 1:NC_065888.1/LR989896.1; chromosome 2:NC_065889.1/LR989897.1; chromosome 3:NC_065890.1/LR989898.1; chromosome 4:NC_065891.1/LR989899.1; chromosome 5:NC_065892.1/LR989900.1; chromosome 6:NC_065893.1/LR989901.1; chromosome 7:NC_065894.1/LR989902.1; chromosome 8:NC_065895.1/LR989903.1; chromosome 9:NC_065896.1/LR989904.1; chromosome 10:NC_065897.1/LR989905.1; chromosome 11:NC_065898.1/LR989906.1; chromosome 12:NC_065899.1/LR989907.1; chromosome 13:NC_065900.1/LR989908.1; chromosome 14:NC_065901.1/LR989909.1; chromosome 15:NC_065902.1/LR989910.1; chromosome 16:NC_065903.1/LR989911.1; chromosome 17:NC_065904.1/LR989912.1; chromosome 18:NC_065905.1/LR989913.1; chromosome 19:NC_065906.1/LR989914.1; chromosome 20:NC_065907.1/LR989915.1; chromosome 21:NC_065908.1/LR989916.1; chromosome 22:NC_065909.1/LR989917.1; chromosome 23:NC_065910.1/LR989918.1; chromosome 24:NC_065911.1/LR989919.1; chromosome 25:NC_065912.1/LR989920.1; chromosome 26:NC_065913.1/LR989921.1; chromosome 27:NC_065914.1/LR989922.1; chromosome 28:NC_065915.1/LR989923.1; chromosome 29:NC_065916.1/LR989924.1; chromosome 30:NC_065917.1/LR989925.1; chromosome Z:NC_065918.1/LR989895.1; mitochondrion MT:LR989926.1";CAJHUF01;41;21050;2021-01-25T00:00:00Z;ftp://ftp.ncbi.nlm.nih.gov/genomes/all/GCA/905/147/045/GCA_905147045.1_ilAglIoxx1.1;ftp://ftp.ncbi.nlm.nih.gov/genomes/all/GCF/905/147/045/GCF_905147045.1_ilAglIoxx1.1;"Glossata; Neolepidoptera; Heteroneura; Ditrysia; Obtectomera; Papilionoidea; Nymphalidae; Nymphalinae; Nymphalini; Nymphalis; Aglais";borboleta
Ostrinia furnacalis;"Eukaryota;Animals;Insects";ACB-3;SAMN08335163;PRJNA525080;GCA_004193835.1;Scaffold;437.294;37.5;;PPXJ01;7722;23858;2019-02-13T00:00:00Z;;ftp://ftp.ncbi.nlm.nih.gov/genomes/all/GCF/004/193/835/GCF_004193835.1_ASM419383v1;"Glossata; Neolepidoptera; Heteroneura; Ditrysia; Obtectomera; Pyraloidea; Crambidae; Pyraustinae; Ostrinia";mariposa
Papilio machaon;"Eukaryota;Animals;Insects";;SAMEA7523121;PRJEB47027;GCA_912999745.1; Chromosome;252.114;345.167;"chromosome 1:NC_059986.1/OU538757.1; chromosome 2:NC_059987.1/OU538758.1; chromosome 3:NC_059988.1/OU538760.1; chromosome 4:NC_059989.1/OU538761.1; chromosome 5:NC_059990.1/OU538762.1; chromosome 6:NC_059991.1/OU538763.1; chromosome 7:NC_059992.1/OU538764.1; chromosome 8:NC_059993.1/OU538765.1; chromosome 9:NC_059994.1/OU538766.1; chromosome 10:NC_059995.1/OU538767.1; chromosome 11:NC_059996.1/OU538768.1; chromosome 12:NC_059997.1/OU538769.1; chromosome 13:NC_059998.1/OU538770.1; chromosome 14:NC_059999.1/OU538771.1; chromosome 15:NC_060000.1/OU538772.1; chromosome 16:NC_060001.1/OU538773.1; chromosome 17:NC_060002.1/OU538774.1; chromosome 18:NC_060003.1/OU538775.1; chromosome 19:NC_060004.1/OU538776.1; chromosome 20:NC_060005.1/OU538777.1; chromosome 21:NC_060006.1/OU538778.1; chromosome 22:NC_060007.1/OU538779.1; chromosome 23:NC_060008.1/OU538780.1; chromosome 24:NC_060009.1/OU538781.1; chromosome 25:NC_060010.1/OU538782.1; chromosome 26:NC_060011.1/OU538783.1; chromosome 27:NC_060012.1/OU538784.1; chromosome 28:NC_060013.1/OU538785.1; chromosome 29:NC_060014.1/OU538786.1; chromosome W:NC_060015.1/OU538759.1; chromosome Z:NC_060016.1/OU538756.1; mitochondrion MT:OU538787.1";CAJVWC01;33;18225;2021-08-18T00:00:00Z;ftp://ftp.ncbi.nlm.nih.gov/genomes/all/GCA/912/999/745/GCA_912999745.1_ilPapMach1.1;ftp://ftp.ncbi.nlm.nih.gov/genomes/all/GCF/912/999/745/GCF_912999745.1_ilPapMach1.1;"Glossata; Neolepidoptera; Heteroneura; Ditrysia; Obtectomera; Papilionoidea; Papilionidae; Papilioninae; Papilionini; Papilio";borboleta
Papilio polytes;"Eukaryota;Animals;Insects";;SAMD00018697;PRJDB2954;GCA_000836215.1;Scaffold;227.021;34.499;mitochondrion MT:NC_024742.1/;BBJD01;3874;16633;2015-01-30T00:00:00Z;ftp://ftp.ncbi.nlm.nih.gov/genomes/all/GCA/000/836/215/GCA_000836215.1_Ppol_1.0;ftp://ftp.ncbi.nlm.nih.gov/genomes/all/GCF/000/836/215/GCF_000836215.1_Ppol_1.0;"Glossata; Neolepidoptera; Heteroneura; Ditrysia; Obtectomera; Papilionoidea; Papilionidae; Papilioninae; Papilionini; Papilio";borboleta
Papilio xuthus;"Eukaryota;Animals;Insects";;SAMD00018698;PRJDB2956;GCA_000836235.1;Scaffold;243.89;34.2;;BBJE01;5572;21602;2015-01-30T00:00:00Z;ftp://ftp.ncbi.nlm.nih.gov/genomes/all/GCA/000/836/235/GCA_000836235.1_Pxut_1.0;ftp://ftp.ncbi.nlm.nih.gov/genomes/all/GCF/000/836/235/GCF_000836235.1_Pxut_1.0;"Glossata; Neolepidoptera; Heteroneura; Ditrysia; Obtectomera; Papilionoidea; Papilionidae; Papilioninae; Papilionini; Papilio";borboleta
Pararge aegeria;"Eukaryota;Animals;Insects";;SAMEA7532732;PRJEB42039;GCA_905163445.1; Chromosome;516.571;359.903;"chromosome 1:NC_053180.1/LR990895.1; chromosome 2:NC_053181.1/LR990892.1; chromosome 3:NC_053182.1/LR990893.1; chromosome 4:NC_053183.1/LR990894.1; chromosome 5:NC_053184.1/LR990896.1; chromosome 6:NC_053185.1/LR990897.1; chromosome 7:NC_053186.1/LR990899.1; chromosome 8:NC_053187.1/LR990898.1; chromosome 9:NC_053188.1/LR990900.1; chromosome 10:NC_053189.1/LR990901.1; chromosome 11:NC_053190.1/LR990902.1; chromosome 12:NC_053191.1/LR990903.1; chromosome 13:NC_053192.1/LR990904.1; chromosome 14:NC_053193.1/LR990905.1; chromosome 15:NC_053194.1/LR990906.1; chromosome 16:NC_053195.1/LR990907.1; chromosome 17:NC_053196.1/LR990908.1; chromosome 18:NC_053197.1/LR990909.1; chromosome 19:NC_053198.1/LR990910.1; chromosome 20:NC_053199.1/LR990911.1; chromosome 21:NC_053200.1/LR990912.1; chromosome 22:NC_053201.1/LR990913.1; chromosome 23:NC_053202.1/LR990914.1; chromosome 24:NC_053203.1/LR990915.1; chromosome 25:NC_053204.1/LR990916.1; chromosome 26:NC_053205.1/LR990917.1; chromosome 27:NC_053206.1/LR990918.1; chromosome W:NC_053207.1/LR990919.1; chromosome Z:NC_053208.1/LR990891.1; mitochondrion MT:LR990920.1";CAJHZN01;70;20956;2021-01-25T00:00:00Z;ftp://ftp.ncbi.nlm.nih.gov/genomes/all/GCA/905/163/445/GCA_905163445.1_ilParAegt1.1;ftp://ftp.ncbi.nlm.nih.gov/genomes/all/GCF/905/163/445/GCF_905163445.1_ilParAegt1.1;"Glossata; Neolepidoptera; Heteroneura; Ditrysia; Obtectomera; Papilionoidea; Nymphalidae; Satyrinae; Satyrini; Parargina; Pararge";borboleta
Parnassius apollo;"Eukaryota;Animals;Insects";;SAMEA8579898;PRJEB44393;GCA_907164705.1;Contig;1391.97;37.4;;CAJQZP01;1707;30102;2021-06-20T00:00:00Z;ftp://ftp.ncbi.nlm.nih.gov/genomes/all/GCA/907/164/705/GCA_907164705.1_Parnassius_apollo;;"Glossata; Neolepidoptera; Heteroneura; Ditrysia; Obtectomera; Papilionoidea; Papilionidae; Parnassiinae; Parnassini; Parnassius; Parnassius";borboleta
Pectinophora gossypiella;"Eukaryota;Animals;Insects";;SAMN25818887;PRJNA865299;GCA_024362695.1; Chromosome;476.51;382.972;"chromosome 1:NC_065404.1/CM044449.1; chromosome 2:NC_065405.1/CM044450.1; chromosome 3:NC_065406.1/CM044451.1; chromosome 4:NC_065407.1/CM044452.1; chromosome 5:NC_065408.1/CM044453.1; chromosome 6:NC_065409.1/CM044454.1; chromosome 7:NC_065410.1/CM044455.1; chromosome 8:NC_065411.1/CM044456.1; chromosome 9:NC_065412.1/CM044457.1; chromosome 10:NC_065413.1/CM044458.1; chromosome 11:NC_065414.1/CM044459.1; chromosome 12:NC_065415.1/CM044460.1; chromosome 13:NC_065416.1/CM044461.1; chromosome 14:NC_065417.1/CM044462.1; chromosome 15:NC_065418.1/CM044463.1; chromosome 16:NC_065419.1/CM044464.1; chromosome 17:NC_065420.1/CM044465.1; chromosome 18:NC_065421.1/CM044466.1; chromosome 19:NC_065422.1/CM044467.1; chromosome 20:NC_065423.1/CM044468.1; chromosome 21:NC_065424.1/CM044469.1; chromosome 22:NC_065425.1/CM044470.1; chromosome 23:NC_065426.1/CM044471.1; chromosome 24:NC_065427.1/CM044472.1; chromosome 25:NC_065428.1/CM044473.1; chromosome 26:NC_065429.1/CM044474.1; chromosome 27:NC_065430.1/CM044475.1; chromosome 28:NC_065431.1/CM044476.1; chromosome 29:NC_065432.1/CM044477.1; chromosome Z:NC_065433.1/CM044478.1; mitochondrion MT:NC_065403.1/";JAMDNT01;152;23452;2022-07-21T00:00:00Z;;ftp://ftp.ncbi.nlm.nih.gov/genomes/all/GCF/024/362/695/GCF_024362695.1_ilPecGoss1.1;"Glossata; Neolepidoptera; Heteroneura; Ditrysia; Gelechioidea; Gelechiidae; Apatetrinae; Pectinophora";mariposa
Pieris brassicae;"Eukaryota;Animals;Insects";;SAMEA7532735;PRJEB41887;GCA_905147105.1; Chromosome;292.326;341.169;"chromosome 1:NC_059665.1/LR989932.1; chromosome 2:NC_059666.1/LR989933.1; chromosome 3:NC_059667.1/LR989934.1; chromosome 4:NC_059668.1/LR989935.1; chromosome 5:NC_059669.1/LR989936.1; chromosome 6:NC_059670.1/LR989937.1; chromosome 7:NC_059671.1/LR989938.1; chromosome 8:NC_059672.1/LR989939.1; chromosome 9:NC_059673.1/LR989940.1; chromosome 10:NC_059674.1/LR989941.1; chromosome 11:NC_059675.1/LR989942.1; chromosome 12:NC_059676.1/LR989944.1; chromosome 13:NC_059677.1/LR989945.1; chromosome 14:NC_059678.1/LR989946.1; chromosome W:NC_059679.1/LR989947.1; chromosome Z:NC_059680.1/LR989943.1; mitochondrion MT:LR989948.1";CAJHUI01;401;21929;2021-01-25T00:00:00Z;ftp://ftp.ncbi.nlm.nih.gov/genomes/all/GCA/905/147/105/GCA_905147105.1_ilPieBrab1.1;ftp://ftp.ncbi.nlm.nih.gov/genomes/all/GCF/905/147/105/GCF_905147105.1_ilPieBrab1.1;"Glossata; Neolepidoptera; Heteroneura; Ditrysia; Obtectomera; Papilionoidea; Pieridae; Pierinae; Pierini; Pieris";borboleta
Pieris macdunnoughi;"Eukaryota;Animals;Insects";;SAMEA7773329;PRJEB42400;GCA_905332375.1;Contig;316.549;34.3;;CAJOBZ01;106;18654;2021-03-17T00:00:00Z;ftp://ftp.ncbi.nlm.nih.gov/genomes/all/GCA/905/332/375/GCA_905332375.1_Pmacd_v0.10;;"Glossata; Neolepidoptera; Heteroneura; Ditrysia; Obtectomera; Papilionoidea; Pieridae; Pierinae; Pierini; Pieris";borboleta
Pieris napi;"Eukaryota;Animals;Insects";;SAMEA7523287;PRJEB44052;GCA_905475465.2; Chromosome;319.187;33.953;"chromosome 1:NC_062234.1/FR997694.1; chromosome 2:NC_062235.1/FR997695.1; chromosome 3:NC_062236.1/FR997697.1; chromosome 4:NC_062237.1/FR997698.1; chromosome 5:NC_062238.1/FR997699.1; chromosome 6:NC_062239.1/FR997700.1; chromosome 7:NC_062240.1/FR997701.1; chromosome 8:NC_062241.1/FR997702.1; chromosome 9:NC_062242.1/FR997703.1; chromosome 10:NC_062243.1/FR997704.1; chromosome 11:NC_062244.1/FR997705.1; chromosome 12:NC_062245.1/FR997706.1; chromosome 13:NC_062246.1/FR997707.1; chromosome 14:NC_062247.1/FR997708.1; chromosome 15:NC_062248.1/FR997709.1; chromosome 16:NC_062249.1/FR997710.1; chromosome 17:NC_062250.1/FR997711.1; chromosome 18:NC_062251.1/FR997712.1; chromosome 19:NC_062252.1/FR997713.1; chromosome 20:NC_062253.1/FR997714.1; chromosome 21:NC_062254.1/FR997715.1; chromosome 22:NC_062255.1/FR997716.1; chromosome 23:NC_062256.1/FR997717.1; chromosome 24:NC_062257.1/FR997718.1; chromosome W:NC_062258.1/FR997719.1; chromosome Z:NC_062259.1/FR997696.1; mitochondrion MT:FR997720.2";CAJQFT02;42;23367;2021-04-07T00:00:00Z;ftp://ftp.ncbi.nlm.nih.gov/genomes/all/GCA/905/475/465/GCA_905475465.2_ilPieNapi1.2;ftp://ftp.ncbi.nlm.nih.gov/genomes/all/GCF/905/475/465/GCF_905475465.1_ilPieNapi1.2;"Glossata; Neolepidoptera; Heteroneura; Ditrysia; Obtectomera; Papilionoidea; Pieridae; Pierinae; Pierini; Pieris";borboleta
Pieris rapae;"Eukaryota;Animals;Insects";;SAMEA7523164;PRJEB41952;GCA_905147795.1; Chromosome;256.37;33.227;"chromosome 1:NC_059509.1/LR990582.1; chromosome 2:NC_059510.1/LR990584.1; chromosome 3:NC_059511.1/LR990585.1; chromosome 4:NC_059512.1/LR990586.1; chromosome 5:NC_059513.1/LR990587.1; chromosome 6:NC_059514.1/LR990588.1; chromosome 7:NC_059515.1/LR990589.1; chromosome 8:NC_059516.1/LR990590.1; chromosome 9:NC_059517.1/LR990591.1; chromosome 10:NC_059518.1/LR990592.1; chromosome 11:NC_059519.1/LR990593.1; chromosome 12:NC_059520.1/LR990594.1; chromosome 13:NC_059521.1/LR990595.1; chromosome 14:NC_059522.1/LR990596.1; chromosome 15:NC_059523.1/LR990597.1; chromosome 16:NC_059524.1/LR990598.1; chromosome 17:NC_059525.1/LR990599.1; chromosome 18:NC_059526.1/LR990600.1; chromosome 19:NC_059527.1/LR990601.1; chromosome 20:NC_059528.1/LR990602.1; chromosome 21:NC_059529.1/LR990603.1; chromosome 22:NC_059530.1/LR990604.1; chromosome 23:NC_059531.1/LR990605.1; chromosome 24:NC_059532.1/LR990606.1; chromosome W:NC_059533.1/LR990607.1; chromosome Z:NC_059534.1/LR990583.1; mitochondrion MT:NC_015895.1/LR990608.1";CAJHWY01;40;20497;2021-01-25T00:00:00Z;ftp://ftp.ncbi.nlm.nih.gov/genomes/all/GCA/905/147/795/GCA_905147795.1_ilPieRapa1.1;ftp://ftp.ncbi.nlm.nih.gov/genomes/all/GCF/905/147/795/GCF_905147795.1_ilPieRapa1.1;"Glossata; Neolepidoptera; Heteroneura; Ditrysia; Obtectomera; Papilionoidea; Pieridae; Pierinae; Pierini; Pieris";borboleta
Plutella xylostella;"Eukaryota;Animals;Insects";;SAMEA7520369;PRJEB51184;GCA_932276165.1; Chromosome;323.303;383.224;"chromosome 2:NC_063982.1/OW026580.1; chromosome 3:NC_063983.1/OW026569.1; chromosome 4:NC_063984.1/OW026557.1; chromosome 5:NC_063985.1/OW026554.1; chromosome 6:NC_063986.1/OW026560.1; chromosome 7:NC_063987.1/OW026571.1; chromosome 8:NC_063988.1/OW026565.1; chromosome 9:NC_063989.1/OW026558.1; chromosome 10:NC_063990.1/OW026559.1; chromosome 11:NC_063991.1/OW026583.1; chromosome 12:NC_063992.1/OW026561.1; chromosome 13:NC_063993.1/OW026562.1; chromosome 14:NC_063994.1/OW026567.1; chromosome 15:NC_063995.1/OW026555.1; chromosome 16:NC_063996.1/OW026574.1; chromosome 17:NC_063997.1/OW026572.1; chromosome 18:NC_063998.1/OW026566.1; chromosome 19:NC_063999.1/OW026570.1; chromosome 20:NC_064000.1/OW026575.1; chromosome 21:NC_064001.1/OW026568.1; chromosome 22:NC_064002.1/OW026556.1; chromosome 23:NC_064003.1/OW026563.1; chromosome 24:NC_064004.1/OW026582.1; chromosome 25:NC_064005.1/OW026573.1; chromosome 26:NC_064006.1/OW026577.1; chromosome 27:NC_064007.1/OW026578.1; chromosome 28:NC_064008.1/OW026576.1; chromosome 29:NC_064009.1/OW026564.1; chromosome 30:NC_064010.1/OW026581.1; chromosome 31:NC_064011.1/OW026579.1; chromosome Z:NC_064012.1/OW026553.1; mitochondrion MT:OW026584.1";CAKNZZ01;33;22256;2022-02-28T00:00:00Z;ftp://ftp.ncbi.nlm.nih.gov/genomes/all/GCA/932/276/165/GCA_932276165.1_ilPluXylo3.1;ftp://ftp.ncbi.nlm.nih.gov/genomes/all/GCF/932/276/165/GCF_932276165.1_ilPluXylo3.1;"Glossata; Neolepidoptera; Heteroneura; Ditrysia; Yponomeutoidea; Plutellidae; Plutella";mariposa
Spodoptera exigua;"Eukaryota;Animals;Insects";;SAMEA6531805;PRJEB36598;GCA_902829305.4; Chromosome;450.885;367.525;"chromosome 1:LR824602.2; chromosome 2:LR824603.2; chromosome 3:LR824604.2; chromosome 4:LR824605.2; chromosome 5:LR824606.2; chromosome 6:LR824607.2; chromosome 7:LR824608.2; chromosome 8:LR824609.2; chromosome 9:LR824610.2; chromosome 10:LR824611.2; chromosome 11:LR824612.2; chromosome 12:LR824613.2; chromosome 13:LR824614.2; chromosome 14:LR824615.2; chromosome 15:LR824616.2; chromosome 16:LR824617.2; chromosome 17:LR824618.2; chromosome 18:LR824619.2; chromosome 19:LR824620.2; chromosome 20:LR824621.2; chromosome 21:LR824622.2; chromosome 22:LR824623.2; chromosome 23:LR824624.2; chromosome 24:LR824625.2; chromosome 25:LR824626.2; chromosome 26:LR824627.2; chromosome 27:LR824628.2; chromosome 28:LR824629.2; chromosome 29:LR824630.2; chromosome 30:LR824631.2; chromosome Z:LR824601.2";CADEPN05;35;13955;2022-06-14T00:00:00Z;ftp://ftp.ncbi.nlm.nih.gov/genomes/all/GCA/902/829/305/GCA_902829305.4_PGI_SPEXI_v6;;"Glossata; Neolepidoptera; Heteroneura; Ditrysia; Obtectomera; Noctuoidea; Noctuidae; Amphipyrinae; Spodoptera";mariposa
Spodoptera frugiperda;"Eukaryota;Animals;Insects";SF20-4;SAMN26179013;PRJNA849517;GCA_023101765.3; Chromosome;383.923;364.762;"chromosome 1:NC_064212.1/CM041324.2; chromosome 2:NC_064213.1/CM041325.2; chromosome 3:NC_064214.1/CM041326.2; chromosome 4:NC_064215.1/CM041327.2; chromosome 5:NC_064216.1/CM041328.2; chromosome 6:NC_064217.1/CM041329.2; chromosome 7:NC_064218.1/CM041330.2; chromosome 8:NC_064219.1/CM041331.2; chromosome 9:NC_064220.1/CM041332.2; chromosome 10:NC_064221.1/CM041333.2; chromosome 11:NC_064222.1/CM041334.2; chromosome 12:NC_064223.1/CM041335.2; chromosome 13:NC_064224.1/CM041336.2; chromosome 14:NC_064225.1/CM041337.2; chromosome 15:NC_064226.1/CM041338.2; chromosome 16:NC_064227.1/CM041339.2; chromosome 17:NC_064228.1/CM041340.2; chromosome 18:NC_064229.1/CM041341.2; chromosome 19:NC_064230.1/CM041342.2; chromosome 20:NC_064231.1/CM041343.2; chromosome 21:NC_064232.1/CM041344.2; chromosome 22:NC_064233.1/CM041345.2; chromosome 23:NC_064234.1/CM041346.2; chromosome 24:NC_064235.1/CM041347.2; chromosome 25:NC_064236.1/CM041348.2; chromosome 26:NC_064237.1/CM041349.2; chromosome 27:NC_064238.1/CM041350.2; chromosome 28:NC_064239.1/CM041351.2; chromosome 29:NC_064240.1/CM041352.2; chromosome 30:NC_064241.1/CM041353.2; chromosome 31:NC_064242.1/CM041354.2; mitochondrion MT:NC_027836.1/";JAKUHG02;69;29539;2022-04-25T00:00:00Z;ftp://ftp.ncbi.nlm.nih.gov/genomes/all/GCA/023/101/765/GCA_023101765.3_AGI-APGP_CSIRO_Sfru_2.0;ftp://ftp.ncbi.nlm.nih.gov/genomes/all/GCF/023/101/765/GCF_023101765.2_AGI-APGP_CSIRO_Sfru_2.0;"Glossata; Neolepidoptera; Heteroneura; Ditrysia; Obtectomera; Noctuoidea; Noctuidae; Amphipyrinae; Spodoptera";mariposa
Spodoptera littoralis;"Eukaryota;Animals;Insects";;SAMEA6531807;PRJEB36692;GCA_902850265.1; Chromosome;435.647;369.552;"chromosome 1:LR824532.2; chromosome 2:LR824533.2; chromosome 3:LR824534.2; chromosome 4:LR824535.2; chromosome 5:LR824536.2; chromosome 6:LR824537.2; chromosome 7:LR824538.2; chromosome 8:LR824539.2; chromosome 9:LR824540.2; chromosome 10:LR824541.2; chromosome 11:LR824542.2; chromosome 12:LR824543.2; chromosome 13:LR824544.2; chromosome 14:LR824545.2; chromosome 15:LR824546.2; chromosome 16:LR824547.2; chromosome 17:LR824548.2; chromosome 18:LR824549.2; chromosome 19:LR824550.2; chromosome 20:LR824551.2; chromosome 21:LR824552.2; chromosome 22:LR824553.2; chromosome 23:LR824554.2; chromosome 24:LR824555.2; chromosome 25:LR824556.2; chromosome 26:LR824557.2; chromosome 27:LR824558.2; chromosome 28:LR824559.2; chromosome 29:LR824560.2; chromosome 30:LR824561.2; chromosome Z:LR824562.2";;31;13294;2022-06-14T00:00:00Z;ftp://ftp.ncbi.nlm.nih.gov/genomes/all/GCA/902/850/265/GCA_902850265.1_PGI_Spodlit_v1;;"Glossata; Neolepidoptera; Heteroneura; Ditrysia; Obtectomera; Noctuoidea; Noctuidae; Amphipyrinae; Spodoptera";mariposa
Spodoptera litura;"Eukaryota;Animals;Insects";Ishihara;SAMN05845584;PRJNA416314;GCA_002706865.3; Chromosome;429.583;36.929;"chromosome 1:NC_036187.1/CM008392.1; chromosome 2:NC_036188.1/CM008393.1; chromosome 3:NC_036189.1/CM008394.1; chromosome 4:NC_036190.1/CM008395.1; chromosome 5:NC_036191.1/CM008396.1; chromosome 6:NC_036192.1/CM008397.1; chromosome 7:NC_036193.1/CM008398.1; chromosome 8:NC_036194.1/CM008399.1; chromosome 9:NC_036195.1/CM008400.1; chromosome 10:NC_036196.1/CM008401.1; chromosome 11:NC_036197.1/CM008402.1; chromosome 12:NC_036198.1/CM008403.1; chromosome 13:NC_036199.1/CM008404.1; chromosome 14:NC_036200.1/CM008405.1; chromosome 15:NC_036201.1/CM008406.1; chromosome 16:NC_036202.1/CM008407.1; chromosome 17:NC_036203.1/CM008408.1; chromosome 18:NC_036204.1/CM008409.1; chromosome 19:NC_036205.1/CM008410.1; chromosome 20:NC_036206.1/CM008411.1; chromosome 21:NC_036207.1/CM008412.1; chromosome 22:NC_036208.1/CM008413.1; chromosome 23:NC_036209.1/CM008414.1; chromosome 24:NC_036210.1/CM008415.1; chromosome 25:NC_036211.1/CM008416.1; chromosome 26:NC_036212.1/CM008417.1; chromosome 27:NC_036213.1/CM008418.1; chromosome 28:NC_036214.1/CM008419.1; chromosome 29:NC_036215.1/CM008420.1; chromosome 30:NC_036216.1/CM008421.1; chromosome Z:NC_036217.1/CM008422.1; mitochondrion MT:NC_022676.1/";MTZO01;2397;22882;2017-10-25T00:00:00Z;;ftp://ftp.ncbi.nlm.nih.gov/genomes/all/GCF/002/706/865/GCF_002706865.2_ASM270686v3;"Glossata; Neolepidoptera; Heteroneura; Ditrysia; Obtectomera; Noctuoidea; Noctuidae; Amphipyrinae; Spodoptera";mariposa
Trichoplusia ni;"Eukaryota;Animals;Insects";ovarian cell line Hi5;SAMN07304761;PRJNA497582;GCA_003590095.1; Chromosome;368.211;356.704;"chromosome 1:NC_039478.1/CM010751.1; chromosome 2:NC_039479.1/CM010752.1; chromosome 3:NC_039480.1/CM010753.1; chromosome 4:NC_039481.1/CM010754.1; chromosome 5:NC_039482.1/CM010755.1; chromosome 6:NC_039483.1/CM010756.1; chromosome 7:NC_039484.1/CM010757.1; chromosome 8:NC_039485.1/CM010758.1; chromosome 9:NC_039486.1/CM010759.1; chromosome 10:NC_039487.1/CM010760.1; chromosome 11:NC_039488.1/CM010761.1; chromosome 12:NC_039489.1/CM010762.1; chromosome 13:NC_039490.1/CM010763.1; chromosome 14:NC_039491.1/CM010764.1; chromosome 15:NC_039492.1/CM010765.1; chromosome 16:NC_039493.1/CM010766.1; chromosome 17:NC_039494.1/CM010767.1; chromosome 18:NC_039495.1/CM010768.1; chromosome 19:NC_039496.1/CM010769.1; chromosome 20:NC_039497.1/CM010770.1; chromosome 21:NC_039498.1/CM010771.1; chromosome 22:NC_039499.1/CM010772.1; chromosome 23:NC_039500.1/CM010773.1; chromosome 24:NC_039501.1/CM010774.1; chromosome 25:NC_039502.1/CM010775.1; chromosome 26:NC_039503.1/CM010776.1; chromosome 27:NC_039504.1/CM010777.1; chromosome 28:NC_039505.1/CM010778.1; mitochondrion MT:CM010779.1";NKQN01;1031;23658;2018-02-05T00:00:00Z;;ftp://ftp.ncbi.nlm.nih.gov/genomes/all/GCF/003/590/095/GCF_003590095.1_tn1;"Glossata; Neolepidoptera; Heteroneura; Ditrysia; Obtectomera; Noctuoidea; Noctuidae; Plusiinae; Trichoplusia";mariposa
Vanessa atalanta;"Eukaryota;Animals;Insects";;SAMEA7523145;PRJEB41956;GCA_905147765.2; Chromosome;370.421;328.376;"chromosome 1:NC_061871.1/LR990550.1; chromosome 2:NC_061872.1/LR990551.1; chromosome 3:NC_061873.1/LR990552.2; chromosome 4:NC_061874.1/LR990553.2; chromosome 5:NC_061875.1/LR990554.1; chromosome 6:NC_061876.1/LR990555.1; chromosome 7:NC_061877.1/LR990556.1; chromosome 8:NC_061878.1/LR990557.1; chromosome 9:NC_061879.1/LR990558.1; chromosome 10:NC_061880.1/LR990559.2; chromosome 11:NC_061881.1/LR990560.1; chromosome 12:NC_061882.1/LR990561.1; chromosome 13:NC_061883.1/LR990562.1; chromosome 14:NC_061884.1/LR990563.1; chromosome 15:NC_061885.1/LR990564.1; chromosome 16:NC_061886.1/LR990565.1; chromosome 17:NC_061887.1/LR990566.1; chromosome 18:NC_061888.1/LR990567.2; chromosome 19:NC_061889.1/LR990568.1; chromosome 20:NC_061890.1/LR990569.1; chromosome 21:NC_061891.1/LR990570.1; chromosome 22:NC_061892.1/LR990571.1; chromosome 23:NC_061893.1/LR990572.1; chromosome 24:NC_061894.1/LR990573.1; chromosome 25:NC_061895.1/LR990574.1; chromosome 26:NC_061896.1/LR990575.1; chromosome 27:NC_061897.1/LR990577.1; chromosome 28:NC_061898.1/LR990578.1; chromosome 29:NC_061899.1/LR990579.1; chromosome 30:NC_061900.1/LR990580.1; chromosome W:NC_061901.1/LR990576.2; chromosome Z:NC_061902.1/LR990549.1; mitochondrion MT:LR990581.1";CAJHWX02;141;19685;2021-01-25T00:00:00Z;ftp://ftp.ncbi.nlm.nih.gov/genomes/all/GCA/905/147/765/GCA_905147765.2_ilVanAtal1.2;ftp://ftp.ncbi.nlm.nih.gov/genomes/all/GCF/905/147/765/GCF_905147765.1_ilVanAtal1.2;"Glossata; Neolepidoptera; Heteroneura; Ditrysia; Obtectomera; Papilionoidea; Nymphalidae; Nymphalinae; Nymphalini; Vanessa";borboleta
Vanessa cardui;"Eukaryota;Animals;Insects";;SAMEA7523147;PRJEB42869;GCA_905220365.1; Chromosome;424.798;33.418;"chromosome 1:NC_061123.1/LR999925.1; chromosome 2:NC_061124.1/LR999926.1; chromosome 3:NC_061125.1/LR999927.1; chromosome 4:NC_061126.1/LR999928.1; chromosome 5:NC_061127.1/LR999929.1; chromosome 6:NC_061128.1/LR999930.1; chromosome 7:NC_061129.1/LR999931.1; chromosome 8:NC_061130.1/LR999932.1; chromosome 9:NC_061131.1/LR999933.1; chromosome 10:NC_061132.1/LR999934.1; chromosome 11:NC_061133.1/LR999935.1; chromosome 12:NC_061134.1/LR999936.1; chromosome 13:NC_061135.1/LR999937.1; chromosome 14:NC_061136.1/LR999938.1; chromosome 15:NC_061137.1/LR999939.1; chromosome 16:NC_061138.1/LR999941.1; chromosome 17:NC_061139.1/LR999942.1; chromosome 18:NC_061140.1/LR999943.1; chromosome 19:NC_061141.1/LR999944.1; chromosome 20:NC_061142.1/LR999945.1; chromosome 21:NC_061143.1/LR999946.1; chromosome 22:NC_061144.1/LR999947.1; chromosome 23:NC_061145.1/LR999948.1; chromosome 24:NC_061146.1/LR999949.1; chromosome 25:NC_061147.1/LR999950.1; chromosome 26:NC_061148.1/LR999951.1; chromosome 27:NC_061149.1/LR999952.1; chromosome 28:NC_061150.1/LR999953.1; chromosome 29:NC_061151.1/LR999954.1; chromosome 30:NC_061152.1/LR999955.1; chromosome W:NC_061153.1/LR999940.1; chromosome Z:NC_061154.1/LR999924.1; mitochondrion MT:LR999956.1";CAJMZP01;36;19836;2021-02-13T00:00:00Z;ftp://ftp.ncbi.nlm.nih.gov/genomes/all/GCA/905/220/365/GCA_905220365.1_ilVanCard2.1;ftp://ftp.ncbi.nlm.nih.gov/genomes/all/GCF/905/220/365/GCF_905220365.1_ilVanCard2.1;"Glossata; Neolepidoptera; Heteroneura; Ditrysia; Obtectomera; Papilionoidea; Nymphalidae; Nymphalinae; Nymphalini; Vanessa";borboleta
Vanessa tameamea;"Eukaryota;Animals;Insects";Waianae;SAMN07695352;PRJNA493654;GCA_002938995.1;Scaffold;357.125;32.8;;PEHJ01;1558;18760;2018-02-23T00:00:00Z;;ftp://ftp.ncbi.nlm.nih.gov/genomes/all/GCF/002/938/995/GCF_002938995.1_ASM293899v1;"Glossata; Neolepidoptera; Heteroneura; Ditrysia; Obtectomera; Papilionoidea; Nymphalidae; Nymphalinae; Nymphalini; Vanessa";borboleta
Zerene cesonia;"Eukaryota;Animals;Insects";;SAMN13981747;PRJNA687565;GCA_012273895.2; Chromosome;266.406;340.483;"chromosome 1:NC_052102.1/CM022603.1; chromosome 2:NC_052103.1/CM022604.1; chromosome 3:NC_052104.1/CM022605.1; chromosome 4:NC_052105.1/CM022606.1; chromosome 5:NC_052106.1/CM022607.1; chromosome 6:NC_052107.1/CM022608.1; chromosome 7:NC_052108.1/CM022609.1; chromosome 8:NC_052109.1/CM022610.1; chromosome 9:NC_052110.1/CM022611.1; chromosome 10:NC_052111.1/CM022612.1; chromosome 11:NC_052112.1/CM022613.1; chromosome 12:NC_052113.1/CM022614.1; chromosome 13:NC_052114.1/CM022615.1; chromosome 14:NC_052115.1/CM022616.1; chromosome 15:NC_052116.1/CM022617.1; chromosome 16:NC_052117.1/CM022618.1; chromosome 17:NC_052118.1/CM022619.1; chromosome 18:NC_052119.1/CM022620.1; chromosome 19:NC_052120.1/CM022621.1; chromosome 20:NC_052121.1/CM022622.1; chromosome Z:NC_052122.1/CM022623.1; chromosome 22:NC_052123.1/CM022624.1; chromosome 23:NC_052124.1/CM025914.1; chromosome 24:NC_052125.1/CM022625.1; chromosome 25:NC_052126.1/CM022627.1; chromosome 26:NC_052127.1/CM022628.1; chromosome 27:NC_052128.1/CM022629.1; chromosome 28:NC_052129.1/CM022630.1; chromosome 29:NC_052130.1/CM022626.1; mitochondrion MT:CM022631.1";JAAMXH01;275;17465;2020-04-13T00:00:00Z;ftp://ftp.ncbi.nlm.nih.gov/genomes/all/GCA/012/273/895/GCA_012273895.2_Zerene_cesonia_1.1;ftp://ftp.ncbi.nlm.nih.gov/genomes/all/GCF/012/273/895/GCF_012273895.1_Zerene_cesonia_1.1;"Glossata; Neolepidoptera; Heteroneura; Ditrysia; Obtectomera; Papilionoidea; Pieridae; Coliadinae; Zerene";borboleta
Anopheles gambiae str. PEST;"Eukaryota;Animals;Insects";PEST;SAMN02952903;PRJNA1438;GCA_000005575.1; Chromosome;265027;445151;"chromosome X:NC_004818.2/CM000360.1; chromosome 2L:NT_078265.2/CM000356.1; chromosome 2R:NT_078266.2/CM000357.1; chromosome 3L:NT_078267.5/CM000358.1; chromosome 3R:NT_078268.4/CM000359.1; mitochondrion MT:NC_002084.1/";AAAB01;8145;14102;21/03/2002 21:00;ftp://ftp.ncbi.nlm.nih.gov/genomes/all/GCA/000/005/575/GCA_000005575.1_AgamP3;ftp://ftp.ncbi.nlm.nih.gov/genomes/all/GCF/000/005/575/GCF_000005575.2_AgamP3;;grupo externo
Tribolium castaneum;"Eukaryota;Animals;Insects";Georgia GA2;SAMN02953634;PRJNA12540;GCA_000002335.3; Chromosome;165944;351887;"linkage group LGX:NC_007416.3/CM000276.3; linkage group LG2:NC_007417.3/CM000277.3; linkage group LG3:NC_007418.3/CM000278.3; linkage group LG4:NC_007419.2/CM000279.2; linkage group LG5:NC_007420.3/CM000280.3; linkage group LG6:NC_007421.3/CM000281.3; linkage group LG7:NC_007422.5/CM000282.3; linkage group LG8:NC_007423.3/CM000283.3; linkage group LG9:NC_007424.3/CM000284.3; linkage group LG10:NC_007425.3/CM000285.3; mitochondrion MT:NC_003081.2/";AAJJ02;2149;22611;16/08/2005 21:00;ftp://ftp.ncbi.nlm.nih.gov/genomes/all/GCA/000/002/335/GCA_000002335.3_Tcas5.2;ftp://ftp.ncbi.nlm.nih.gov/genomes/all/GCF/000/002/335/GCF_000002335.3_Tcas5.2;;grupo externo
Drosophila melanogaster;"Eukaryota;Animals;Insects";;SAMN02803731;PRJNA13669;GCA_000001215.4; Chromosome;143726;420803;"chromosome X:NC_004354.4/AE014298.5; chromosome 2L:NT_033779.5/AE014134.6; chromosome 2R:NT_033778.4/AE013599.5; chromosome 3L:NT_037436.4/AE014296.5; chromosome 3R:NT_033777.3/AE014297.3; chromosome 4:NC_004353.4/AE014135.4; chromosome Y:NC_024512.1/CP007106.1; mitochondrion MT:NC_024511.2/KJ947872.2";;1870;30717;29/04/2002 21:00;ftp://ftp.ncbi.nlm.nih.gov/genomes/all/GCA/000/001/215/GCA_000001215.4_Release_6_plus_ISO1_MT;ftp://ftp.ncbi.nlm.nih.gov/genomes/all/GCF/000/001/215/GCF_000001215.4_Release_6_plus_ISO1_MT;;grupo externo
Ctenocephalides felis;"Eukaryota;Animals;Insects";EL2017-DRISC;SAMN09779028;PRJNA489461;GCA_003426905.1;Scaffold;775453;298;;QVAO01;3733;21954;23/08/2018 21:00;;ftp://ftp.ncbi.nlm.nih.gov/genomes/all/GCF/003/426/905/GCF_003426905.1_ASM342690v1;;grupo externo
